"","Description","Number of Patients","Percent Patients"
"1","Mean Age at First AMI Admission +/- S.D","73.1+/-15",""
"2","Female (%)","49,246","52.8"
"3","Race (%)","",""
"4","* White","68,729","73.7"
"5","* Black","14,731","15.8"
"6","* Other","9,786","10.5"
"7","Ethnicity (%)","",""
"8","* Hispanic","7,776","8.3"
"9","* Non-hispanic","76,850","82.4"
"10","* Unknown","8,620","9.2"
"11","Insurance(%)","",""
"12","* Commercial","26,475","28.4"
"13","* Medicare","59,918","64.3"
"14","* Medicaid/Self-Pay/Other","6,853","7.3"
"15","Admission Hospital Type (%)","",""
"16","* Teaching","44,876","48.1"
"17","* Non-Teaching","45,017","48.3"
"18","* Unknown","3,353","3.6"
"19","Admission to Hospital Area (%)","",""
"20","* Urban","22,607","24.2"
"21","* Inner city","16,516","17.7"
"22","* Rural","11,650","12.5"
"23","* Suburb","39,120","42"
"24","* Unknown","3,353","3.6"
"25","Admission Hospital Cath Lab","",""
"26","* Cath Lab","41,138","44.1"
"27","* No Cath Lab","48,755","52.3"
"28","* Unknown","3,353","3.6"
"29","Number of HF Patients","93,246",""
